year,total_emissions,prediction
2023,81420.41992301984,81420.41992301866
2025,93955.01237315514,93955.01237315498
