year,total_emissions,prediction
2022,87687.7161480875,83927.33841304667
2023,81420.41992301984,86434.25690307375
2024,87687.7161480875,88941.17539310083
2025,93955.01237315514,91448.0938831279
